match_id,date,round,home_team,away_team,team,opponent,team_id,official_team_xg,official_team_setplay_xg,official_team_openplay_xg,official_team_nonpenalty_xg,provider_nonpenalty_setplay_shots,provider_nonpenalty_setplay_shot_xg_raw_sum,provider_nonpenalty_setplay_goals,derived_all_restart_linked_shots,derived_all_restart_linked_xg_raw_sum,derived_linked_shots_classified_open_play_by_provider,source_ma12,source_last_updated,corner_events,free_kick_events,direct_free_kick_events,penalty_events,throw_in_events,goal_kick_events,keeper_throw_events
58gq4gre01laikpidgbf9i044,2026-04-10,1,Víkingur R,Breidablik,Víkingur R,Breidablik,7gmdb4hmtrz199zv9r66qy9qp,2.125500,0.853000,1.272500,2.125500,6,0.853016,0,9,1.339309,3,vikingur_r_breidablik_2026_04_10_ma12.json,2026-09-06T22:48:32Z,5,21,0,0,25,1,5
58gq4gre01laikpidgbf9i044,2026-04-10,1,Víkingur R,Breidablik,Breidablik,Víkingur R,c6hu27u143y4z4te8b4036bae,0.947900,0.088300,0.859600,0.947900,2,0.067125,0,2,0.067125,0,vikingur_r_breidablik_2026_04_10_ma12.json,2026-09-06T22:48:32Z,3,18,0,0,31,11,6
5954hehzan6m0twb25nis6y38,2026-04-12,1,KR,Keflavík,KR,Keflavík,629yaod9sjr350jvivp78vwfz,1.942600,0.026900,1.915700,1.942600,1,0.02688,0,3,0.109231,2,kr_keflavik_2026_04_12_ma12.json,2026-09-06T22:48:31Z,8,22,1,0,20,5,5
5954hehzan6m0twb25nis6y38,2026-04-12,1,KR,Keflavík,Keflavík,KR,96h322mg5vnaneem9fjzgvioq,1.286700,0.150700,1.136000,1.286700,4,0.104255,0,4,0.104255,0,kr_keflavik_2026_04_12_ma12.json,2026-09-06T22:48:31Z,6,24,0,0,18,8,7
59s4qh9rhitn82g4i30fc2mfo,2026-04-12,1,Valur,Thór,Valur,Thór,khmdmbol7850k3i07yusgpn,2.196900,0.142800,2.054100,2.196900,2,0.142761,0,3,0.288448,1,valur_thor_2026_04_12_ma12.json,2026-09-06T22:48:31Z,6,5,1,0,27,5,6
59s4qh9rhitn82g4i30fc2mfo,2026-04-12,1,Valur,Thór,Thór,Valur,dys496cnlmowm95ehcfgcrvbm,0.946000,0.738200,0.207800,0.946000,9,0.76099,1,10,0.805537,2,valur_thor_2026_04_12_ma12.json,2026-09-06T22:48:31Z,8,16,0,0,16,13,7
5adqibxev6p0ee3l6zqz43ggk,2026-04-12,1,ÍBV,FH,ÍBV,FH,3tlx1zjkgrsdky3abrqe2c9c3,2.090000,1.088100,1.001800,2.090000,4,1.088125,1,6,1.165019,2,ibv_fh_2026_04_12_ma12.json,2026-09-06T22:48:32Z,2,19,1,0,23,9,4
5adqibxev6p0ee3l6zqz43ggk,2026-04-12,1,ÍBV,FH,FH,ÍBV,2ci0yr2esa7y4etjvl5vau077,1.745500,0.105200,0.851900,0.957100,1,0.105185,0,3,0.955792,1,ibv_fh_2026_04_12_ma12.json,2026-09-06T22:48:32Z,5,18,0,1,24,7,5
5azcgpxj71p79bn8o27qyayac,2026-04-12,1,KA,Stjarnan,KA,Stjarnan,4mo70a9j7p2ersbrieg5aw3dg,1.645100,0.443500,1.201500,1.645100,9,0.443538,0,10,0.477962,1,ka_stjarnan_2026_04_12_ma12.json,2026-09-06T22:48:31Z,9,9,2,0,13,4,10
5azcgpxj71p79bn8o27qyayac,2026-04-12,1,KA,Stjarnan,Stjarnan,KA,23vg6q15dzr375k6757j06wkq,1.518500,0.124900,1.393600,1.518500,3,0.124917,0,3,0.124917,0,ka_stjarnan_2026_04_12_ma12.json,2026-09-06T22:48:31Z,3,11,1,0,12,13,6
5bko88dcsxlnjjt2xzayiy4no,2026-04-12,1,Fram,ÍA,Fram,ÍA,ta7x6ep3lniyckj6la77zw,1.401800,0.657300,0.744500,1.401800,7,0.657287,2,7,0.335419,1,fram_ia_2026_04_12_ma12.json,2026-09-06T22:48:31Z,8,12,0,0,21,9,3
5bko88dcsxlnjjt2xzayiy4no,2026-04-12,1,Fram,ÍA,ÍA,Fram,9ar4wcltrggiz60w77e3z56m2,1.782300,0.671900,1.110400,1.782300,6,0.715462,1,7,0.759165,1,fram_ia_2026_04_12_ma12.json,2026-09-06T22:48:31Z,7,10,0,0,20,13,4
5c2ebjrgfjrjtkq59yvzky6ms,2026-04-17,2,KR,Thór,KR,Thór,629yaod9sjr350jvivp78vwfz,3.102500,0.428700,1.885500,2.314100,7,0.428675,2,12,1.521302,4,kr_thor_2026_04_17_ma12.json,2026-09-06T22:48:31Z,9,10,0,1,33,4,8
5c2ebjrgfjrjtkq59yvzky6ms,2026-04-17,2,KR,Thór,Thór,KR,dys496cnlmowm95ehcfgcrvbm,2.597000,0.279700,2.317300,2.597000,1,0.279706,0,1,0.279706,0,kr_thor_2026_04_17_ma12.json,2026-09-06T22:48:31Z,3,18,0,0,21,13,5
5ck72gsvq8onmvuq2retn2yhg,2026-04-17,2,KA,Víkingur R,KA,Víkingur R,4mo70a9j7p2ersbrieg5aw3dg,0.701900,,0.701900,0.701900,0,0,0,1,0.151838,1,ka_vikingur_r_2026_04_17_ma12.json,2026-09-06T22:48:31Z,1,13,0,0,28,8,4
5ck72gsvq8onmvuq2retn2yhg,2026-04-17,2,KA,Víkingur R,Víkingur R,KA,7gmdb4hmtrz199zv9r66qy9qp,2.615600,0.679900,1.147300,1.827200,8,0.679942,1,11,1.542505,2,ka_vikingur_r_2026_04_17_ma12.json,2026-09-06T22:48:31Z,10,16,0,1,25,6,2
5d2a0uyexzm3a4xgg1vo6ag44,2026-04-17,2,Valur,ÍBV,Valur,ÍBV,khmdmbol7850k3i07yusgpn,2.532600,0.464500,2.068100,2.532600,5,0.46451,1,6,0.67853,1,valur_ibv_2026_04_17_ma12.json,2026-09-06T22:48:32Z,6,12,0,0,19,10,5
5d2a0uyexzm3a4xgg1vo6ag44,2026-04-17,2,Valur,ÍBV,ÍBV,Valur,3tlx1zjkgrsdky3abrqe2c9c3,0.989600,0.229600,0.760000,0.989600,4,0.229628,1,5,0.264386,1,valur_ibv_2026_04_17_ma12.json,2026-09-06T22:48:32Z,5,10,1,0,27,12,4
5dm5n6eqlad2kdyhz0dd2zn6c,2026-04-17,2,Fram,Keflavík,Fram,Keflavík,ta7x6ep3lniyckj6la77zw,1.055500,0.218600,0.836900,1.055500,4,0.218646,0,7,0.332942,3,fram_keflavik_2026_04_17_ma12.json,2026-09-06T22:48:31Z,9,7,0,0,27,13,2
5dm5n6eqlad2kdyhz0dd2zn6c,2026-04-17,2,Fram,Keflavík,Keflavík,Fram,96h322mg5vnaneem9fjzgvioq,1.081500,0.039400,1.042000,1.081500,1,0.039423,0,2,0.083416,1,fram_keflavik_2026_04_17_ma12.json,2026-09-06T22:48:31Z,4,10,1,0,16,13,7
5e4pmxy1g5i7lytal2rff261g,2026-04-17,2,Breidablik,ÍA,Breidablik,ÍA,c6hu27u143y4z4te8b4036bae,1.231700,0.287700,0.155600,0.443300,6,0.287681,0,7,1.076081,0,breidablik_ia_2026_04_17_ma12.json,2026-09-06T22:48:32Z,7,14,0,1,20,7,4
5e4pmxy1g5i7lytal2rff261g,2026-04-17,2,Breidablik,ÍA,ÍA,Breidablik,9ar4wcltrggiz60w77e3z56m2,2.295700,0.105800,2.190000,2.295700,3,0.105761,0,6,1.248055,3,breidablik_ia_2026_04_17_ma12.json,2026-09-06T22:48:32Z,5,12,1,0,24,8,2
5ep7nvotsc0uv4fb7jhmhpj4k,2026-04-17,2,Stjarnan,FH,Stjarnan,FH,23vg6q15dzr375k6757j06wkq,2.868900,0.985800,1.883100,2.868900,5,0.985818,0,8,1.403578,4,stjarnan_fh_2026_04_17_ma12.json,2026-09-06T22:48:31Z,10,15,0,0,22,4,5
5ep7nvotsc0uv4fb7jhmhpj4k,2026-04-17,2,Stjarnan,FH,FH,Stjarnan,2ci0yr2esa7y4etjvl5vau077,1.665000,0.179600,0.696900,0.876600,3,0.179605,0,4,1.089428,3,stjarnan_fh_2026_04_17_ma12.json,2026-09-06T22:48:31Z,3,11,0,1,15,11,6
5f7ymuvwtga6kpppw06uoidqs,2026-04-22,3,ÍA,KA,ÍA,KA,9ar4wcltrggiz60w77e3z56m2,2.612400,0.552900,2.059600,2.612400,6,0.552888,0,7,0.841809,1,ia_ka_2026_04_22_ma12.json,2026-09-06T22:48:31Z,7,9,0,0,10,10,4
5f7ymuvwtga6kpppw06uoidqs,2026-04-22,3,ÍA,KA,KA,ÍA,4mo70a9j7p2ersbrieg5aw3dg,1.106100,0.035200,1.071000,1.106100,1,0.035173,0,3,0.11822,2,ia_ka_2026_04_22_ma12.json,2026-09-06T22:48:31Z,3,8,0,0,19,12,4
5fqxsnaefdhqw1i6y5kb7f7dg,2026-04-22,3,Keflavík,Breidablik,Keflavík,Breidablik,96h322mg5vnaneem9fjzgvioq,1.067700,0.607100,0.460500,1.067700,4,0.607143,0,5,0.636125,1,keflavik_breidablik_2026_04_22_ma12.json,2026-09-06T22:48:32Z,4,14,0,0,21,11,9
5fqxsnaefdhqw1i6y5kb7f7dg,2026-04-22,3,Keflavík,Breidablik,Breidablik,Keflavík,c6hu27u143y4z4te8b4036bae,1.041900,0.228400,0.813500,1.041900,3,0.228383,0,4,0.290874,1,keflavik_breidablik_2026_04_22_ma12.json,2026-09-06T22:48:32Z,6,15,0,0,24,7,4
5g8yvaf0xp9p8500hyo54wduc,2026-04-23,3,ÍBV,KR,ÍBV,KR,3tlx1zjkgrsdky3abrqe2c9c3,0.868200,,0.868200,0.868200,0,0,0,0,0,0,ibv_kr_2026_04_23_ma12.json,2026-09-06T22:48:32Z,2,20,0,0,17,14,3
5g8yvaf0xp9p8500hyo54wduc,2026-04-23,3,ÍBV,KR,KR,ÍBV,629yaod9sjr350jvivp78vwfz,1.255900,0.160600,1.095300,1.255900,3,0.160572,0,6,0.332149,3,ibv_kr_2026_04_23_ma12.json,2026-09-06T22:48:32Z,4,17,1,0,19,1,3
5ha8z9rh92zepr96k4964kv10,2026-04-23,3,Thór,Fram,Thór,Fram,dys496cnlmowm95ehcfgcrvbm,0.203000,0.026000,0.177000,0.203000,1,0.026003,0,2,0.105733,1,thor_fram_2026_04_23_ma12.json,2026-09-06T22:48:31Z,2,18,0,0,21,13,4
5ha8z9rh92zepr96k4964kv10,2026-04-23,3,Thór,Fram,Fram,Thór,ta7x6ep3lniyckj6la77zw,2.011200,0.181200,1.830000,2.011200,4,0.181239,0,7,0.630514,3,thor_fram_2026_04_23_ma12.json,2026-09-06T22:48:31Z,11,16,0,0,40,4,5
5hsj2fxj7n9luy23703grr6s4,2026-04-23,3,Víkingur R,Stjarnan,Víkingur R,Stjarnan,7gmdb4hmtrz199zv9r66qy9qp,1.372300,0.087500,1.284900,1.372300,3,0.087454,1,5,0.207186,2,vikingur_r_stjarnan_2026_04_23_ma12.json,2026-09-06T22:48:31Z,4,10,0,0,17,2,5
5hsj2fxj7n9luy23703grr6s4,2026-04-23,3,Víkingur R,Stjarnan,Stjarnan,Víkingur R,23vg6q15dzr375k6757j06wkq,0.873100,0.336100,0.536900,0.873100,2,0.336134,1,2,0.336134,0,vikingur_r_stjarnan_2026_04_23_ma12.json,2026-09-06T22:48:31Z,6,17,0,0,19,6,3
6hd2qp9zye2y5l9k6264h9c0k,2026-04-23,3,Valur,FH,Valur,FH,khmdmbol7850k3i07yusgpn,1.216700,0.357800,0.858900,1.216700,4,0.357808,1,6,0.534432,2,valur_fh_2026_04_23_ma12.json,2026-09-06T22:48:31Z,9,13,0,0,20,14,4
6hd2qp9zye2y5l9k6264h9c0k,2026-04-23,3,Valur,FH,FH,Valur,2ci0yr2esa7y4etjvl5vau077,1.109000,0.104300,1.004700,1.109000,4,0.104287,0,6,0.316973,2,valur_fh_2026_04_23_ma12.json,2026-09-06T22:48:31Z,6,19,0,0,26,10,3
5isjrb5e3hoqpr38sn6ik4yz8,2026-04-26,4,KA,Keflavík,KA,Keflavík,4mo70a9j7p2ersbrieg5aw3dg,1.626800,0.263200,1.363600,1.626800,6,0.263202,0,7,0.377657,1,ka_keflavik_2026_04_26_ma12.json,2026-09-06T22:48:31Z,3,8,3,0,18,7,8
5isjrb5e3hoqpr38sn6ik4yz8,2026-04-26,4,KA,Keflavík,Keflavík,KA,96h322mg5vnaneem9fjzgvioq,2.869100,0.536200,2.332900,2.869100,4,0.536231,1,7,1.512886,3,ka_keflavik_2026_04_26_ma12.json,2026-09-06T22:48:31Z,6,10,0,0,21,12,7
5iaegu4z48a1ce1r226xyvfh0,2026-04-27,4,KR,FH,KR,FH,629yaod9sjr350jvivp78vwfz,3.376100,0.466700,2.909400,3.376100,7,0.4667,0,11,1.407438,4,kr_fh_2026_04_27_ma12.json,2026-09-06T22:48:31Z,16,15,1,0,40,2,7
5iaegu4z48a1ce1r226xyvfh0,2026-04-27,4,KR,FH,FH,KR,2ci0yr2esa7y4etjvl5vau077,1.301100,0.095500,1.205600,1.301100,3,0.095505,1,4,0.666567,2,kr_fh_2026_04_27_ma12.json,2026-09-06T22:48:31Z,3,14,1,0,32,14,3
5jct7l99hilcqk6gejbov7od0,2026-04-27,4,Fram,ÍBV,Fram,ÍBV,ta7x6ep3lniyckj6la77zw,2.074000,0.441300,1.632700,2.074000,6,0.441275,2,6,0.441275,0,fram_ibv_2026_04_27_ma12.json,2026-09-06T22:48:32Z,11,10,1,0,32,7,3
5jct7l99hilcqk6gejbov7od0,2026-04-27,4,Fram,ÍBV,ÍBV,Fram,3tlx1zjkgrsdky3abrqe2c9c3,1.519000,1.033700,0.485200,1.519000,6,1.033746,1,5,0.991014,0,fram_ibv_2026_04_27_ma12.json,2026-09-06T22:48:32Z,5,13,1,0,21,11,6
5jv4gb57m22csu4h9r11cvzmc,2026-04-27,4,Breidablik,Thór,Breidablik,Thór,c6hu27u143y4z4te8b4036bae,3.528900,0.857000,2.671900,3.528900,6,0.857039,1,8,0.960717,2,breidablik_thor_2026_04_27_ma12.json,2026-09-06T22:48:32Z,10,15,0,0,34,7,4
5jv4gb57m22csu4h9r11cvzmc,2026-04-27,4,Breidablik,Thór,Thór,Breidablik,dys496cnlmowm95ehcfgcrvbm,1.507600,0.108700,1.398800,1.507600,1,0.108732,0,2,0.1469,1,breidablik_thor_2026_04_27_ma12.json,2026-09-06T22:48:32Z,4,19,0,0,16,12,4
5kdmiishnaqj8x5vsgae6n1n8,2026-04-27,4,Víkingur R,ÍA,Víkingur R,ÍA,7gmdb4hmtrz199zv9r66qy9qp,3.043500,1.034700,2.008800,3.043500,5,1.076795,1,6,1.327786,1,vikingur_r_ia_2026_04_27_ma12.json,2026-09-06T22:48:31Z,9,8,0,0,28,4,3
5kdmiishnaqj8x5vsgae6n1n8,2026-04-27,4,Víkingur R,ÍA,ÍA,Víkingur R,9ar4wcltrggiz60w77e3z56m2,1.227900,0.528200,0.699700,1.227900,6,0.528205,0,7,0.81131,1,vikingur_r_ia_2026_04_27_ma12.json,2026-09-06T22:48:31Z,6,12,0,0,33,8,8
5kw0ir5f2aykbpvq3nuo0gjdg,2026-04-27,4,Stjarnan,Valur,Stjarnan,Valur,23vg6q15dzr375k6757j06wkq,3.215300,0.765600,2.449700,3.215300,9,0.765629,1,13,1.064436,4,stjarnan_valur_2026_04_27_ma12.json,2026-09-06T22:48:31Z,9,9,2,0,31,11,2
5kw0ir5f2aykbpvq3nuo0gjdg,2026-04-27,4,Stjarnan,Valur,Valur,Stjarnan,khmdmbol7850k3i07yusgpn,1.743100,0.184300,1.558800,1.743100,4,0.184326,2,6,0.821129,3,stjarnan_valur_2026_04_27_ma12.json,2026-09-06T22:48:31Z,3,14,0,0,15,11,7
5lenprfv2n9xjjbuc6owxhl3o,2026-05-02,5,Thór,KA,Thór,KA,dys496cnlmowm95ehcfgcrvbm,1.091400,0.342200,0.749200,1.091400,6,0.342152,0,6,0.41075,1,thor_ka_2026_05_02_ma12.json,2026-09-06T22:48:31Z,12,28,1,0,31,13,7
5lenprfv2n9xjjbuc6owxhl3o,2026-05-02,5,Thór,KA,KA,Thór,4mo70a9j7p2ersbrieg5aw3dg,2.559000,0.293600,1.477000,1.770600,2,0.293612,0,5,1.160334,2,thor_ka_2026_05_02_ma12.json,2026-09-06T22:48:31Z,1,20,0,1,22,9,3
5lx4e2398pagige7rc9ljp0k4,2026-05-02,5,Valur,KR,Valur,KR,khmdmbol7850k3i07yusgpn,1.844000,0.176500,1.667600,1.844000,3,0.176475,0,3,0.176475,0,valur_kr_2026_05_02_ma12.json,2026-09-06T22:48:31Z,4,12,0,0,20,3,5
5lx4e2398pagige7rc9ljp0k4,2026-05-02,5,Valur,KR,KR,Valur,629yaod9sjr350jvivp78vwfz,3.157400,0.436700,2.720700,3.157400,7,0.436696,1,9,0.498625,2,valur_kr_2026_05_02_ma12.json,2026-09-06T22:48:31Z,11,14,1,0,27,7,5
5mhk91tay7ggjj74rvs3mrevo,2026-05-03,5,Keflavík,Víkingur R,Keflavík,Víkingur R,96h322mg5vnaneem9fjzgvioq,2.240000,1.399700,0.840300,2.240000,10,1.479364,1,11,1.538032,1,keflavik_vikingur_r_2026_05_03_ma12.json,2026-09-06T22:48:32Z,7,11,0,0,26,7,6
5mhk91tay7ggjj74rvs3mrevo,2026-05-03,5,Keflavík,Víkingur R,Víkingur R,Keflavík,7gmdb4hmtrz199zv9r66qy9qp,0.944100,0.226800,0.717300,0.944100,3,0.226843,1,5,0.512712,2,keflavik_vikingur_r_2026_05_03_ma12.json,2026-09-06T22:48:32Z,4,8,0,0,27,12,3
5n0ccibncad01iduicmze8o44,2026-05-03,5,ÍBV,Breidablik,ÍBV,Breidablik,3tlx1zjkgrsdky3abrqe2c9c3,1.804400,0.390300,1.414100,1.804400,6,0.390333,0,7,0.488345,1,ibv_breidablik_2026_05_03_ma12.json,2026-09-06T22:48:32Z,3,15,0,0,27,9,7
5n0ccibncad01iduicmze8o44,2026-05-03,5,ÍBV,Breidablik,Breidablik,ÍBV,c6hu27u143y4z4te8b4036bae,1.531600,0.282900,1.248700,1.531600,4,0.282946,1,4,0.411052,1,ibv_breidablik_2026_05_03_ma12.json,2026-09-06T22:48:32Z,6,11,0,0,31,7,3
5o337nehkg11zhxm0htm42yac,2026-05-03,5,FH,Fram,FH,Fram,2ci0yr2esa7y4etjvl5vau077,1.397100,0.200700,1.196400,1.397100,4,0.200663,1,5,0.457151,1,fh_fram_2026_05_03_ma12.json,2026-09-06T22:48:31Z,2,6,0,0,31,13,4
5o337nehkg11zhxm0htm42yac,2026-05-03,5,FH,Fram,Fram,FH,ta7x6ep3lniyckj6la77zw,2.109600,0.272600,1.837100,2.109600,5,0.272588,1,8,0.43527,3,fh_fram_2026_05_03_ma12.json,2026-09-06T22:48:31Z,10,14,0,0,32,4,2
6mr55i484ibfmunkidyt02k2c,2026-05-03,5,Stjarnan,ÍA,Stjarnan,ÍA,23vg6q15dzr375k6757j06wkq,1.818200,0.810200,1.008000,1.818200,7,0.910642,0,10,1.204449,3,stjarnan_ia_2026_05_03_ma12.json,2026-09-06T22:48:31Z,10,21,1,0,16,7,5
6mr55i484ibfmunkidyt02k2c,2026-05-03,5,Stjarnan,ÍA,ÍA,Stjarnan,9ar4wcltrggiz60w77e3z56m2,2.579700,0.178100,2.401700,2.579700,2,0.178063,0,3,0.620522,2,stjarnan_ia_2026_05_03_ma12.json,2026-09-06T22:48:31Z,6,7,0,0,19,9,4
5on3vikmk3ysidbcfm9a25ono,2026-05-08,6,Víkingur R,Thór,Víkingur R,Thór,7gmdb4hmtrz199zv9r66qy9qp,4.869200,0.999400,3.869700,4.869200,6,0.999423,1,7,1.79324,1,vikingur_r_thor_2026_05_08_ma12.json,2026-09-06T22:48:31Z,5,13,0,0,21,7,6
5on3vikmk3ysidbcfm9a25ono,2026-05-08,6,Víkingur R,Thór,Thór,Víkingur R,dys496cnlmowm95ehcfgcrvbm,1.025100,0.083900,0.941200,1.025100,2,0.083916,0,3,0.114315,1,vikingur_r_thor_2026_05_08_ma12.json,2026-09-06T22:48:31Z,3,13,0,0,26,15,3
5p5mtrwogj6jhvh7cx4x0xwd0,2026-05-08,6,Fram,Valur,Fram,Valur,ta7x6ep3lniyckj6la77zw,3.228600,0.839700,1.600500,2.440200,7,0.839705,0,12,2.319167,5,fram_valur_2026_05_08_ma12.json,2026-09-06T22:48:31Z,11,9,0,1,27,6,6
5p5mtrwogj6jhvh7cx4x0xwd0,2026-05-08,6,Fram,Valur,Valur,Fram,khmdmbol7850k3i07yusgpn,2.243900,0.214500,2.029300,2.243900,2,0.21455,0,4,0.657575,2,fram_valur_2026_05_08_ma12.json,2026-09-06T22:48:31Z,1,11,0,0,13,11,4
5pq9i54fjihjk8kis8wluzr4k,2026-05-08,6,Breidablik,FH,Breidablik,FH,c6hu27u143y4z4te8b4036bae,2.656200,0.863600,1.004200,1.867800,11,0.86789,1,13,1.698406,1,breidablik_fh_2026_05_08_ma12.json,2026-09-06T22:48:32Z,13,10,1,1,23,8,5
5pq9i54fjihjk8kis8wluzr4k,2026-05-08,6,Breidablik,FH,FH,Breidablik,2ci0yr2esa7y4etjvl5vau077,2.424500,0.409000,1.227100,1.636100,5,0.40905,0,7,1.213411,1,breidablik_fh_2026_05_08_ma12.json,2026-09-06T22:48:32Z,8,17,0,1,17,6,2
5qd5my8vt4wtoi9hgbgrlvms4,2026-05-08,6,ÍA,Keflavík,ÍA,Keflavík,9ar4wcltrggiz60w77e3z56m2,1.153900,0.085300,1.068600,1.153900,2,0.08529,0,4,0.143706,2,ia_keflavik_2026_05_08_ma12.json,2026-09-06T22:48:31Z,5,8,1,0,29,11,3
5qd5my8vt4wtoi9hgbgrlvms4,2026-05-08,6,ÍA,Keflavík,Keflavík,ÍA,96h322mg5vnaneem9fjzgvioq,1.691800,0.369300,1.322500,1.691800,5,0.369275,1,8,0.836478,3,ia_keflavik_2026_05_08_ma12.json,2026-09-06T22:48:31Z,7,12,0,0,31,5,4
5qvxopb0ie5865uwi9lexn5sk,2026-05-08,6,Stjarnan,KR,Stjarnan,KR,23vg6q15dzr375k6757j06wkq,1.832600,0.938800,0.893800,1.832600,5,0.938795,1,7,1.159454,2,stjarnan_kr_2026_05_08_ma12.json,2026-09-06T22:48:31Z,3,19,1,0,21,10,4
5qvxopb0ie5865uwi9lexn5sk,2026-05-08,6,Stjarnan,KR,KR,Stjarnan,629yaod9sjr350jvivp78vwfz,2.798100,0.293700,2.504400,2.798100,3,0.293717,0,8,0.486857,5,stjarnan_kr_2026_05_08_ma12.json,2026-09-06T22:48:31Z,11,20,0,0,9,7,5
5rem71kaqu77a5qb67rmafdw4,2026-05-10,6,KA,ÍBV,KA,ÍBV,4mo70a9j7p2ersbrieg5aw3dg,1.058800,0.155500,0.903300,1.058800,2,0.155537,0,4,0.40355,2,ka_ibv_2026_05_10_ma12.json,2026-09-06T22:48:32Z,5,14,0,0,20,9,1
5rem71kaqu77a5qb67rmafdw4,2026-05-10,6,KA,ÍBV,ÍBV,KA,3tlx1zjkgrsdky3abrqe2c9c3,0.379800,0.172600,0.207200,0.379800,2,0.172557,0,3,0.1935,1,ka_ibv_2026_05_10_ma12.json,2026-09-06T22:48:32Z,5,13,1,0,26,7,9
5rx3fopl2oe3gjgx1el9pydjo,2026-05-17,7,Thór,ÍA,Thór,ÍA,dys496cnlmowm95ehcfgcrvbm,1.138600,0.477300,0.661300,1.138600,6,0.477296,1,8,0.569975,2,thor_ia_2026_05_17_ma12.json,2026-09-06T22:48:31Z,7,17,1,0,22,7,6
5rx3fopl2oe3gjgx1el9pydjo,2026-05-17,7,Thór,ÍA,ÍA,Thór,9ar4wcltrggiz60w77e3z56m2,1.631900,0.621100,0.222400,0.843500,8,0.62106,1,9,1.40946,0,thor_ia_2026_05_17_ma12.json,2026-09-06T22:48:31Z,13,15,0,1,26,8,3
5sfod7t8jgyd344d29gj6vpqs,2026-05-17,7,ÍBV,Víkingur R,ÍBV,Víkingur R,3tlx1zjkgrsdky3abrqe2c9c3,0.134400,,0.134400,0.134400,0,0,0,2,0.074186,2,ibv_vikingur_r_2026_05_17_ma12.json,2026-09-06T22:48:32Z,3,13,0,0,29,7,3
5sfod7t8jgyd344d29gj6vpqs,2026-05-17,7,ÍBV,Víkingur R,Víkingur R,ÍBV,7gmdb4hmtrz199zv9r66qy9qp,0.534100,0.111300,0.422800,0.534100,3,0.111265,0,4,0.127663,1,ibv_vikingur_r_2026_05_17_ma12.json,2026-09-06T22:48:32Z,6,14,1,0,24,8,3
5t052l9m427r9o8kxqbgxnaj8,2026-05-17,7,FH,KA,FH,KA,2ci0yr2esa7y4etjvl5vau077,2.282700,1.799100,0.483600,2.282700,8,2.061315,1,9,2.162282,1,fh_ka_2026_05_17_ma12.json,2026-09-06T22:48:31Z,6,21,1,0,25,11,4
5t052l9m427r9o8kxqbgxnaj8,2026-05-17,7,FH,KA,KA,FH,4mo70a9j7p2ersbrieg5aw3dg,1.650600,0.459600,1.191000,1.650600,5,0.459582,0,6,0.495821,1,fh_ka_2026_05_17_ma12.json,2026-09-06T22:48:31Z,5,13,2,0,26,8,4
5tis3mhb7iomyd45sflwboahg,2026-05-17,7,Keflavík,Stjarnan,Keflavík,Stjarnan,96h322mg5vnaneem9fjzgvioq,2.084800,0.468400,1.616300,2.084800,7,0.468409,0,7,0.468409,0,keflavik_stjarnan_2026_05_17_ma12.json,2026-09-06T22:48:32Z,7,10,0,0,26,5,12
5tis3mhb7iomyd45sflwboahg,2026-05-17,7,Keflavík,Stjarnan,Stjarnan,Keflavík,23vg6q15dzr375k6757j06wkq,2.389000,1.583900,0.805100,2.389000,6,1.583874,1,6,1.55762,1,keflavik_stjarnan_2026_05_17_ma12.json,2026-09-06T22:48:32Z,3,13,0,0,22,5,11
5u1s01z8c0hby3bnfjak9usr8,2026-05-17,7,Valur,Breidablik,Valur,Breidablik,khmdmbol7850k3i07yusgpn,1.649800,0.301800,1.348000,1.649800,4,0.301765,0,7,0.579384,3,valur_breidablik_2026_05_17_ma12.json,2026-09-06T22:48:32Z,4,7,1,0,19,13,5
5u1s01z8c0hby3bnfjak9usr8,2026-05-17,7,Valur,Breidablik,Breidablik,Valur,c6hu27u143y4z4te8b4036bae,1.416900,0.288600,1.128400,1.416900,7,0.28856,0,9,0.40572,2,valur_breidablik_2026_05_17_ma12.json,2026-09-06T22:48:32Z,13,11,0,0,19,9,6
5ukg1obkqxeqht5kuk0jqpmvo,2026-05-17,7,KR,Fram,KR,Fram,629yaod9sjr350jvivp78vwfz,0.925700,0.029900,0.895800,0.925700,2,0.029897,0,3,0.09017,1,kr_fram_2026_05_17_ma12.json,2026-09-06T22:48:31Z,4,20,0,0,26,12,10
5ukg1obkqxeqht5kuk0jqpmvo,2026-05-17,7,KR,Fram,Fram,KR,ta7x6ep3lniyckj6la77zw,1.107900,0.671300,0.436600,1.107900,8,0.671342,1,10,0.814241,2,kr_fram_2026_05_17_ma12.json,2026-09-06T22:48:31Z,11,10,0,0,20,4,3
5v2uffl83dqa9epx1jz6x1qms,2026-05-21,8,ÍA,ÍBV,ÍA,ÍBV,9ar4wcltrggiz60w77e3z56m2,1.009400,0.178700,0.830700,1.009400,4,0.17874,1,6,0.381607,2,ia_ibv_2026_05_21_ma12.json,2026-09-06T22:48:32Z,6,7,0,0,32,11,3
5v2uffl83dqa9epx1jz6x1qms,2026-05-21,8,ÍA,ÍBV,ÍBV,ÍA,3tlx1zjkgrsdky3abrqe2c9c3,1.681200,0.671000,1.010300,1.681200,4,0.7094,1,5,0.781229,1,ia_ibv_2026_05_21_ma12.json,2026-09-06T22:48:32Z,6,8,1,0,34,10,6
5vm79u6qd164mj9lzccgx48pg,2026-05-22,8,KA,Valur,KA,Valur,4mo70a9j7p2ersbrieg5aw3dg,0.965100,0.371600,0.593500,0.965100,8,0.371555,0,8,0.371555,0,ka_valur_2026_05_22_ma12.json,2026-09-06T22:48:31Z,8,18,1,0,22,9,7
5vm79u6qd164mj9lzccgx48pg,2026-05-22,8,KA,Valur,Valur,KA,khmdmbol7850k3i07yusgpn,1.318800,0.377200,0.941500,1.318800,4,0.377237,0,4,0.377237,0,ka_valur_2026_05_22_ma12.json,2026-09-06T22:48:31Z,6,11,0,0,11,18,8
5waeqvr2fnc77ek7dbsezmvx0,2026-05-22,8,Keflavík,Thór,Keflavík,Thór,96h322mg5vnaneem9fjzgvioq,2.572200,0.868400,1.703800,2.572200,7,0.868407,1,8,0.932865,1,keflavik_thor_2026_05_22_ma12.json,2026-09-06T22:48:32Z,10,11,0,0,33,7,8
5waeqvr2fnc77ek7dbsezmvx0,2026-05-22,8,Keflavík,Thór,Thór,Keflavík,dys496cnlmowm95ehcfgcrvbm,1.337400,0.181900,0.367100,0.549000,4,0.181882,0,5,0.970282,0,keflavik_thor_2026_05_22_ma12.json,2026-09-06T22:48:32Z,6,16,0,1,26,11,3
5wt5uajrfqnpxbyfah4s39250,2026-05-22,8,Víkingur R,FH,Víkingur R,FH,7gmdb4hmtrz199zv9r66qy9qp,5.402200,1.879700,3.522500,5.402200,9,1.87971,1,11,1.94979,2,vikingur_r_fh_2026_05_22_ma12.json,2026-09-06T22:48:31Z,11,9,1,0,18,5,0
5wt5uajrfqnpxbyfah4s39250,2026-05-22,8,Víkingur R,FH,FH,Víkingur R,2ci0yr2esa7y4etjvl5vau077,0.036500,0.012100,0.024300,0.036500,1,0.01214,0,2,0.036488,1,vikingur_r_fh_2026_05_22_ma12.json,2026-09-06T22:48:31Z,4,10,0,0,23,16,6
5xe2wgyxhalrwyitk2d3ypi50,2026-05-22,8,Stjarnan,Fram,Stjarnan,Fram,23vg6q15dzr375k6757j06wkq,0.926600,0.196800,0.729800,0.926600,2,0.196825,0,5,0.729247,3,stjarnan_fram_2026_05_22_ma12.json,2026-09-06T22:48:31Z,3,18,1,0,21,17,2
5xe2wgyxhalrwyitk2d3ypi50,2026-05-22,8,Stjarnan,Fram,Fram,Stjarnan,ta7x6ep3lniyckj6la77zw,2.447900,0.455100,1.992800,2.447900,6,0.455087,0,8,0.560608,2,stjarnan_fram_2026_05_22_ma12.json,2026-09-06T22:48:31Z,4,13,0,0,17,10,5
5xysuu5mmphlqpf7z6tl93aqc,2026-05-22,8,Breidablik,KR,Breidablik,KR,c6hu27u143y4z4te8b4036bae,3.294100,0.016600,3.277500,3.294100,1,0.016613,0,3,0.640455,2,breidablik_kr_2026_05_22_ma12.json,2026-09-06T22:48:32Z,5,9,0,0,23,9,2
5xysuu5mmphlqpf7z6tl93aqc,2026-05-22,8,Breidablik,KR,KR,Breidablik,629yaod9sjr350jvivp78vwfz,2.764300,0.489000,1.486900,1.975900,4,0.488997,0,10,2.103733,5,breidablik_kr_2026_05_22_ma12.json,2026-09-06T22:48:32Z,9,20,1,1,31,7,5
5yhgdhagjvjdlldme3bef8c2c,2026-05-26,14,Stjarnan,Víkingur R,Stjarnan,Víkingur R,23vg6q15dzr375k6757j06wkq,0.218900,0.069800,0.149100,0.218900,2,0.069834,1,4,0.194609,2,stjarnan_vikingur_r_2026_05_26_ma12.json,2026-09-06T22:48:31Z,5,10,0,0,22,16,6
5yhgdhagjvjdlldme3bef8c2c,2026-05-26,14,Stjarnan,Víkingur R,Víkingur R,Stjarnan,7gmdb4hmtrz199zv9r66qy9qp,3.299500,0.058300,2.452700,2.511100,2,0.058343,0,4,0.912402,1,stjarnan_vikingur_r_2026_05_26_ma12.json,2026-09-06T22:48:31Z,8,11,0,1,10,6,1
5z0iw9ey7mupyhswas7wg134k,2026-05-26,16,KR,Valur,KR,Valur,629yaod9sjr350jvivp78vwfz,2.801900,0.322800,2.479100,2.801900,6,0.32277,0,9,1.02071,3,kr_valur_2026_05_26_ma12.json,2026-09-06T22:48:31Z,12,14,2,0,30,7,6
5z0iw9ey7mupyhswas7wg134k,2026-05-26,16,KR,Valur,Valur,KR,khmdmbol7850k3i07yusgpn,2.258600,0.423600,1.046600,1.470200,4,0.423621,0,7,1.899459,2,kr_valur_2026_05_26_ma12.json,2026-09-06T22:48:31Z,5,8,0,1,22,16,2
5zjkiizue9zhwif8zwd69hhxw,2026-05-29,9,FH,ÍA,FH,ÍA,2ci0yr2esa7y4etjvl5vau077,0.782700,0.296800,0.485900,0.782700,5,0.296802,0,6,0.312603,1,fh_ia_2026_05_29_ma12.json,2026-09-06T22:48:31Z,12,13,2,0,26,8,7
5zjkiizue9zhwif8zwd69hhxw,2026-05-29,9,FH,ÍA,ÍA,FH,9ar4wcltrggiz60w77e3z56m2,1.315000,0.887200,0.427800,1.315000,4,0.973667,0,5,1.019413,1,fh_ia_2026_05_29_ma12.json,2026-09-06T22:48:31Z,2,10,1,0,21,9,7
602ao60i9ha6ithdcf5zy6w44,2026-05-29,9,Fram,Breidablik,Fram,Breidablik,ta7x6ep3lniyckj6la77zw,2.438000,0.538500,1.899600,2.438000,7,0.53845,1,8,0.61669,2,fram_breidablik_2026_05_29_ma12.json,2026-09-06T22:48:32Z,2,10,1,0,24,8,5
602ao60i9ha6ithdcf5zy6w44,2026-05-29,9,Fram,Breidablik,Breidablik,Fram,c6hu27u143y4z4te8b4036bae,2.216600,0.303400,1.124700,1.428200,5,0.303444,1,5,1.053708,0,fram_breidablik_2026_05_29_ma12.json,2026-09-06T22:48:32Z,4,12,1,1,15,4,10
60moj4g2gmb8623scoavi2rkk,2026-05-31,9,ÍBV,Keflavík,ÍBV,Keflavík,3tlx1zjkgrsdky3abrqe2c9c3,2.178100,0.497800,1.680400,2.178100,5,0.497764,2,7,0.546152,2,ibv_keflavik_2026_05_31_ma12.json,2026-09-06T22:48:32Z,3,9,1,0,19,12,3
60moj4g2gmb8623scoavi2rkk,2026-05-31,9,ÍBV,Keflavík,Keflavík,ÍBV,96h322mg5vnaneem9fjzgvioq,1.010900,0.359900,0.651000,1.010900,4,0.359928,0,5,0.77516,1,ibv_keflavik_2026_05_31_ma12.json,2026-09-06T22:48:32Z,3,12,3,0,24,7,4
615b3srdv6frunw9ue3w1i784,2026-05-31,9,KR,KA,KR,KA,629yaod9sjr350jvivp78vwfz,2.235900,0.437100,1.798800,2.235900,8,0.437075,1,9,0.505302,1,kr_ka_2026_05_31_ma12.json,2026-09-06T22:48:31Z,11,14,2,0,27,6,5
615b3srdv6frunw9ue3w1i784,2026-05-31,9,KR,KA,KA,KR,4mo70a9j7p2ersbrieg5aw3dg,2.099900,1.481600,0.618300,2.099900,9,1.540749,2,13,1.871099,4,kr_ka_2026_05_31_ma12.json,2026-09-06T22:48:31Z,8,15,1,0,30,9,1
61sncuj5iu6h59doot2kc8hec,2026-05-31,9,Thór,Stjarnan,Thór,Stjarnan,dys496cnlmowm95ehcfgcrvbm,1.076600,0.550400,0.526200,1.076600,5,0.550392,1,9,0.91125,4,thor_stjarnan_2026_05_31_ma12.json,2026-09-06T22:48:31Z,10,15,0,0,19,11,8
61sncuj5iu6h59doot2kc8hec,2026-05-31,9,Thór,Stjarnan,Stjarnan,Thór,23vg6q15dzr375k6757j06wkq,3.689700,0.376300,3.313400,3.689700,5,0.376259,1,9,1.56312,4,thor_stjarnan_2026_05_31_ma12.json,2026-09-06T22:48:31Z,4,16,1,0,29,9,1
62b7qpgkvfb6jqy2qu3qu2710,2026-05-31,9,Valur,Víkingur R,Valur,Víkingur R,khmdmbol7850k3i07yusgpn,1.743300,0.963500,0.779800,1.743300,6,0.963455,0,6,0.963455,0,valur_vikingur_r_2026_05_31_ma12.json,2026-09-06T22:48:31Z,8,11,1,0,20,10,4
62b7qpgkvfb6jqy2qu3qu2710,2026-05-31,9,Valur,Víkingur R,Víkingur R,Valur,7gmdb4hmtrz199zv9r66qy9qp,2.844600,0.059700,2.784900,2.844600,2,0.059724,0,4,0.213255,2,valur_vikingur_r_2026_05_31_ma12.json,2026-09-06T22:48:31Z,7,13,0,0,14,4,7
63ffipykqy8vpol7y1ksinwgk,2026-06-14,10,Keflavík,FH,Keflavík,FH,96h322mg5vnaneem9fjzgvioq,2.527100,0.598400,1.928600,2.527100,8,0.598408,0,10,1.611675,2,keflavik_fh_2026_06_14_ma12.json,2026-09-06T22:48:32Z,7,15,1,0,27,7,11
63ffipykqy8vpol7y1ksinwgk,2026-06-14,10,Keflavík,FH,FH,Keflavík,2ci0yr2esa7y4etjvl5vau077,0.808800,0.303200,0.505600,0.808800,4,0.303199,1,7,0.444679,3,keflavik_fh_2026_06_14_ma12.json,2026-09-06T22:48:32Z,4,20,0,0,19,13,6
63zio4xfnb94ikl3cak0b5rmc,2026-06-14,10,Thór,ÍBV,Thór,ÍBV,dys496cnlmowm95ehcfgcrvbm,0.971300,0.423700,0.547600,0.971300,3,0.423705,0,4,0.456499,1,thor_ibv_2026_06_14_ma12.json,2026-09-06T22:48:32Z,10,14,0,0,28,4,6
63zio4xfnb94ikl3cak0b5rmc,2026-06-14,10,Thór,ÍBV,ÍBV,Thór,3tlx1zjkgrsdky3abrqe2c9c3,2.015400,0.073600,1.941700,2.015400,3,0.073647,0,7,0.684311,4,thor_ibv_2026_06_14_ma12.json,2026-09-06T22:48:32Z,5,9,0,0,19,6,2
650i4l557rdbk3cwqk107y590,2026-06-15,10,KA,Fram,KA,Fram,4mo70a9j7p2ersbrieg5aw3dg,1.051000,0.130400,0.920500,1.051000,3,0.130439,0,4,0.161404,1,ka_fram_2026_06_15_ma12.json,2026-09-06T22:48:31Z,6,18,1,0,26,13,4
650i4l557rdbk3cwqk107y590,2026-06-15,10,KA,Fram,Fram,KA,ta7x6ep3lniyckj6la77zw,4.406400,0.311700,3.306400,3.618000,4,0.311698,1,6,1.187701,1,ka_fram_2026_06_15_ma12.json,2026-09-06T22:48:31Z,5,9,1,1,24,11,2
62vmjc99s2pq0l9eqcqpbzf2s,2026-06-16,10,ÍA,Valur,ÍA,Valur,9ar4wcltrggiz60w77e3z56m2,1.617900,0.325400,1.292600,1.617900,4,0.325353,0,5,0.377044,1,ia_valur_2026_06_16_ma12.json,2026-09-06T22:48:31Z,5,17,1,0,24,10,3
62vmjc99s2pq0l9eqcqpbzf2s,2026-06-16,10,ÍA,Valur,Valur,ÍA,khmdmbol7850k3i07yusgpn,0.895000,0.678100,0.216900,0.895000,4,0.678093,0,5,0.698542,1,ia_valur_2026_06_16_ma12.json,2026-09-06T22:48:31Z,2,13,0,0,29,8,8
64i18l42c5fbz7ywlpwwit2xg,2026-06-16,10,Stjarnan,Breidablik,Stjarnan,Breidablik,23vg6q15dzr375k6757j06wkq,3.169500,0.832800,2.336700,3.169500,7,0.832795,0,12,2.363224,5,stjarnan_breidablik_2026_06_16_ma12.json,2026-09-06T22:48:32Z,4,5,1,0,23,5,3
64i18l42c5fbz7ywlpwwit2xg,2026-06-16,10,Stjarnan,Breidablik,Breidablik,Stjarnan,c6hu27u143y4z4te8b4036bae,1.670800,0.676000,0.994800,1.670800,11,0.6803,1,11,0.6803,0,stjarnan_breidablik_2026_06_16_ma12.json,2026-09-06T22:48:32Z,8,17,1,0,13,7,3
65j5t751iunvfhcedg0an19n8,2026-06-16,10,Víkingur R,KR,Víkingur R,KR,7gmdb4hmtrz199zv9r66qy9qp,1.448600,0.280700,1.167900,1.448600,3,0.280675,1,5,0.464049,2,vikingur_r_kr_2026_06_16_ma12.json,2026-09-06T22:48:31Z,3,12,0,0,25,8,0
65j5t751iunvfhcedg0an19n8,2026-06-16,10,Víkingur R,KR,KR,Víkingur R,629yaod9sjr350jvivp78vwfz,0.849200,0.164300,0.684900,0.849200,2,0.164284,0,3,0.317448,2,vikingur_r_kr_2026_06_16_ma12.json,2026-09-06T22:48:31Z,9,13,0,0,27,8,3
661i1srkagu1s9ycilelz1nv8,2026-06-21,11,FH,Thór,FH,Thór,2ci0yr2esa7y4etjvl5vau077,1.618000,0.194600,1.423300,1.618000,5,0.194608,0,5,0.194608,0,fh_thor_2026_06_21_ma12.json,2026-09-06T22:48:31Z,6,10,2,0,26,7,6
661i1srkagu1s9ycilelz1nv8,2026-06-21,11,FH,Thór,Thór,FH,dys496cnlmowm95ehcfgcrvbm,1.022400,0.053500,0.180500,0.234000,3,0.053505,0,4,0.841905,0,fh_thor_2026_06_21_ma12.json,2026-09-06T22:48:31Z,1,15,0,1,21,9,7
66k66qlfnnge2mbopajlugiz8,2026-06-21,11,Valur,Keflavík,Valur,Keflavík,khmdmbol7850k3i07yusgpn,2.444900,0.701200,1.743700,2.444900,3,0.701199,0,4,0.724011,1,valur_keflavik_2026_06_21_ma12.json,2026-09-06T22:48:31Z,12,6,0,0,21,7,4
66k66qlfnnge2mbopajlugiz8,2026-06-21,11,Valur,Keflavík,Keflavík,Valur,96h322mg5vnaneem9fjzgvioq,1.741500,0.961500,0.780000,1.741500,7,0.961456,1,8,1.186048,1,valur_keflavik_2026_06_21_ma12.json,2026-09-06T22:48:31Z,5,17,0,0,19,9,6
672l8o73eti7a5ka1trk9d5hw,2026-06-21,11,Breidablik,KA,Breidablik,KA,c6hu27u143y4z4te8b4036bae,1.912900,0.332700,1.580200,1.912900,6,0.332708,0,6,0.6343,1,breidablik_ka_2026_06_21_ma12.json,2026-09-06T22:48:32Z,10,13,0,0,15,7,4
672l8o73eti7a5ka1trk9d5hw,2026-06-21,11,Breidablik,KA,KA,Breidablik,4mo70a9j7p2ersbrieg5aw3dg,0.856300,0.110400,0.745900,0.856300,2,0.110402,0,3,0.162574,1,breidablik_ka_2026_06_21_ma12.json,2026-09-06T22:48:32Z,5,16,0,0,18,11,6
67mzokw1hs7wwpyq1as744y6s,2026-06-21,11,ÍBV,Stjarnan,ÍBV,Stjarnan,3tlx1zjkgrsdky3abrqe2c9c3,1.107200,0.106000,1.001200,1.107200,3,0.106046,0,3,0.106046,0,ibv_stjarnan_2026_06_21_ma12.json,2026-09-06T22:48:32Z,2,18,2,0,16,11,6
67mzokw1hs7wwpyq1as744y6s,2026-06-21,11,ÍBV,Stjarnan,Stjarnan,ÍBV,23vg6q15dzr375k6757j06wkq,1.772700,0.253600,1.519000,1.772700,4,0.253605,0,5,0.287326,1,ibv_stjarnan_2026_06_21_ma12.json,2026-09-06T22:48:32Z,3,11,1,0,20,5,4
685ctqrly7ebtep6opggvxedw,2026-06-21,11,Fram,Víkingur R,Fram,Víkingur R,ta7x6ep3lniyckj6la77zw,0.283700,0.109800,0.173900,0.283700,3,0.109821,0,3,0.109821,0,fram_vikingur_r_2026_06_21_ma12.json,2026-09-06T22:48:31Z,5,5,0,0,31,9,2
685ctqrly7ebtep6opggvxedw,2026-06-21,11,Fram,Víkingur R,Víkingur R,Fram,7gmdb4hmtrz199zv9r66qy9qp,4.546800,0.799300,2.959100,3.758400,10,0.815338,0,14,1.931833,3,fram_vikingur_r_2026_06_21_ma12.json,2026-09-06T22:48:31Z,7,14,0,1,11,10,6
68nu39x3a81jlph4v61a7n1g4,2026-06-22,11,KR,ÍA,KR,ÍA,629yaod9sjr350jvivp78vwfz,2.947800,0.427900,2.519900,2.947800,8,0.427903,0,14,1.34217,7,kr_ia_2026_06_22_ma12.json,2026-09-06T22:48:31Z,6,16,1,0,23,11,6
68nu39x3a81jlph4v61a7n1g4,2026-06-22,11,KR,ÍA,ÍA,KR,9ar4wcltrggiz60w77e3z56m2,3.723800,1.563700,2.160000,3.723800,14,1.563744,1,17,2.189816,4,kr_ia_2026_06_22_ma12.json,2026-09-06T22:48:31Z,10,17,0,0,14,8,6
6b9g03097qx2lbm46vmzi6w44,2026-06-25,12,Breidablik,Víkingur R,Breidablik,Víkingur R,c6hu27u143y4z4te8b4036bae,0.522500,0.382900,0.139600,0.522500,2,0.362489,1,3,0.377842,1,breidablik_vikingur_r_2026_06_25_ma12.json,2026-09-06T22:48:32Z,2,15,0,0,22,11,5
6b9g03097qx2lbm46vmzi6w44,2026-06-25,12,Breidablik,Víkingur R,Víkingur R,Breidablik,7gmdb4hmtrz199zv9r66qy9qp,2.956200,0.531800,1.636000,2.167800,5,0.531784,0,9,1.386865,3,breidablik_vikingur_r_2026_06_25_ma12.json,2026-09-06T22:48:32Z,3,13,0,1,19,3,4
696dygy42096qjssicad7n28k,2026-06-28,12,Keflavík,KR,Keflavík,KR,96h322mg5vnaneem9fjzgvioq,1.993200,0.733700,1.259500,1.993200,10,0.733671,1,14,0.975432,4,keflavik_kr_2026_06_28_ma12.json,2026-09-06T22:48:32Z,4,17,1,0,21,9,8
696dygy42096qjssicad7n28k,2026-06-28,12,Keflavík,KR,KR,Keflavík,629yaod9sjr350jvivp78vwfz,1.997500,0.861000,1.136500,1.997500,7,0.861019,1,8,0.98537,1,keflavik_kr_2026_06_28_ma12.json,2026-09-06T22:48:32Z,4,11,0,0,17,10,4
69oowz76oepwc0wa3ly0hatqs,2026-06-28,12,Thór,Valur,Thór,Valur,dys496cnlmowm95ehcfgcrvbm,0.840700,0.442900,0.397800,0.840700,4,0.442915,0,4,0.442915,0,thor_valur_2026_06_28_ma12.json,2026-09-06T22:48:31Z,3,21,1,0,13,16,5
69oowz76oepwc0wa3ly0hatqs,2026-06-28,12,Thór,Valur,Valur,Thór,khmdmbol7850k3i07yusgpn,3.275800,2.196900,1.079000,3.275800,9,2.29025,3,9,2.29025,0,thor_valur_2026_06_28_ma12.json,2026-09-06T22:48:31Z,3,10,1,0,23,7,4
6a8qwmzaz5fj3wublas8ndyc4,2026-06-28,12,FH,ÍBV,FH,ÍBV,2ci0yr2esa7y4etjvl5vau077,1.355500,0.916800,0.438700,1.355500,11,0.916842,1,13,1.311367,2,fh_ibv_2026_06_28_ma12.json,2026-09-06T22:48:32Z,13,7,1,0,32,8,5
6a8qwmzaz5fj3wublas8ndyc4,2026-06-28,12,FH,ÍBV,ÍBV,FH,3tlx1zjkgrsdky3abrqe2c9c3,0.306100,0.061400,0.244700,0.306100,2,0.061396,0,4,0.20232,2,fh_ibv_2026_06_28_ma12.json,2026-09-06T22:48:32Z,2,13,0,0,31,5,7
6ar4cvn7u1nq0tav6l00f5qtw,2026-06-28,12,Stjarnan,KA,Stjarnan,KA,23vg6q15dzr375k6757j06wkq,2.719000,0.397000,2.322000,2.719000,7,0.397032,0,10,0.907989,3,stjarnan_ka_2026_06_28_ma12.json,2026-09-06T22:48:31Z,12,17,1,0,22,7,6
6ar4cvn7u1nq0tav6l00f5qtw,2026-06-28,12,Stjarnan,KA,KA,Stjarnan,4mo70a9j7p2ersbrieg5aw3dg,1.278900,0.613800,0.665100,1.278900,7,0.613835,0,12,0.791139,5,stjarnan_ka_2026_06_28_ma12.json,2026-09-06T22:48:31Z,8,12,1,0,15,11,9
6brzihl1d9t3702y1tjzsfvo4,2026-06-29,12,ÍA,Fram,ÍA,Fram,9ar4wcltrggiz60w77e3z56m2,0.372200,0.162000,0.210200,0.372200,2,0.161983,0,2,0.161983,0,ia_fram_2026_06_29_ma12.json,2026-09-06T22:48:31Z,5,13,0,0,29,11,4
6brzihl1d9t3702y1tjzsfvo4,2026-06-29,12,ÍA,Fram,Fram,ÍA,ta7x6ep3lniyckj6la77zw,2.616700,0.375500,1.452800,1.828300,2,0.375525,0,6,1.327366,3,ia_fram_2026_06_29_ma12.json,2026-09-06T22:48:31Z,6,9,0,1,17,11,4
6cc1tt9y7n9o738ij2dhlwtg4,2026-07-02,13,Víkingur R,KA,Víkingur R,KA,7gmdb4hmtrz199zv9r66qy9qp,3.157900,1.244100,1.125400,2.369500,11,1.244142,1,13,1.817002,2,vikingur_r_ka_2026_07_02_ma12.json,2026-09-06T22:48:31Z,14,15,0,1,19,4,6
6cc1tt9y7n9o738ij2dhlwtg4,2026-07-02,13,Víkingur R,KA,KA,Víkingur R,4mo70a9j7p2ersbrieg5aw3dg,0.886300,0.672400,0.214000,0.886300,7,0.676716,1,6,0.636625,0,vikingur_r_ka_2026_07_02_ma12.json,2026-09-06T22:48:31Z,3,11,0,0,19,14,6
6dd7gzhg3vrrsvguu7k0t4ys4,2026-07-02,13,Thór,KR,Thór,KR,dys496cnlmowm95ehcfgcrvbm,1.683600,0.053200,1.630400,1.683600,3,0.053194,2,3,0.126139,1,thor_kr_2026_07_02_ma12.json,2026-09-06T22:48:31Z,2,14,1,0,14,13,3
6dd7gzhg3vrrsvguu7k0t4ys4,2026-07-02,13,Thór,KR,KR,Thór,629yaod9sjr350jvivp78vwfz,3.953500,0.073500,3.091600,3.165100,4,0.073509,0,7,0.973436,2,thor_kr_2026_07_02_ma12.json,2026-09-06T22:48:31Z,8,10,0,1,33,6,5
6eh4rvai2kdhax3ifh5f1s1zo,2026-07-03,13,FH,Stjarnan,FH,Stjarnan,2ci0yr2esa7y4etjvl5vau077,0.917100,0.157800,0.759300,0.917100,2,0.157757,1,3,0.255568,1,fh_stjarnan_2026_07_03_ma12.json,2026-09-06T22:48:31Z,5,8,0,0,13,13,5
6eh4rvai2kdhax3ifh5f1s1zo,2026-07-03,13,FH,Stjarnan,Stjarnan,FH,23vg6q15dzr375k6757j06wkq,1.332500,0.425900,0.906700,1.332500,5,0.425887,1,4,0.253799,0,fh_stjarnan_2026_07_03_ma12.json,2026-09-06T22:48:31Z,17,9,0,0,29,3,3
6cuq7xegwrd9enwtmk6htsh04,2026-07-04,13,ÍBV,Valur,ÍBV,Valur,3tlx1zjkgrsdky3abrqe2c9c3,1.496900,0.112200,1.384700,1.496900,4,0.112161,0,4,0.112161,0,ibv_valur_2026_07_04_ma12.json,2026-09-06T22:48:32Z,3,16,1,0,19,3,6
6cuq7xegwrd9enwtmk6htsh04,2026-07-04,13,ÍBV,Valur,Valur,ÍBV,khmdmbol7850k3i07yusgpn,0.460800,0.285000,0.175800,0.460800,1,0.285031,0,2,0.309103,1,ibv_valur_2026_07_04_ma12.json,2026-09-06T22:48:32Z,2,14,0,0,20,10,10
6dvopbqzkp7ilbnkft29zvrx0,2026-07-04,13,ÍA,Breidablik,ÍA,Breidablik,9ar4wcltrggiz60w77e3z56m2,1.190000,0.453000,0.737000,1.190000,5,0.453019,0,8,0.580775,3,ia_breidablik_2026_07_04_ma12.json,2026-09-06T22:48:32Z,5,16,1,0,30,5,2
6dvopbqzkp7ilbnkft29zvrx0,2026-07-04,13,ÍA,Breidablik,Breidablik,ÍA,c6hu27u143y4z4te8b4036bae,1.007400,,1.007400,1.007400,0,0,0,0,0,0,ia_breidablik_2026_07_04_ma12.json,2026-09-06T22:48:32Z,7,8,0,0,31,14,3
6f81d24184jnl5hn0icpcqmtw,2026-07-06,13,Keflavík,Fram,Keflavík,Fram,96h322mg5vnaneem9fjzgvioq,0.786500,0.160200,0.626200,0.786500,2,0.160238,0,5,0.38283,3,keflavik_fram_2026_07_06_ma12.json,2026-09-06T22:48:32Z,1,12,1,0,20,7,10
6f81d24184jnl5hn0icpcqmtw,2026-07-06,13,Keflavík,Fram,Fram,Keflavík,ta7x6ep3lniyckj6la77zw,0.802000,0.358700,0.443300,0.802000,5,0.358662,1,6,0.369896,1,keflavik_fram_2026_07_06_ma12.json,2026-09-06T22:48:32Z,10,12,0,0,17,7,2
5grm1xwlcdejee170dlxanklw,2026-07-12,14,FH,Valur,FH,Valur,2ci0yr2esa7y4etjvl5vau077,2.684100,0.882700,1.801400,2.684100,10,0.88274,0,15,1.396726,5,fh_valur_2026_07_12_ma12.json,2026-09-06T22:48:31Z,7,8,1,0,47,11,3
5grm1xwlcdejee170dlxanklw,2026-07-12,14,FH,Valur,Valur,FH,khmdmbol7850k3i07yusgpn,2.654000,0.775300,1.878700,2.654000,4,0.83229,0,6,1.530061,2,fh_valur_2026_07_12_ma12.json,2026-09-06T22:48:31Z,3,9,0,0,29,8,6
6fqobo9rfezc6dy1qh3ysi6ms,2026-07-12,14,KA,ÍA,KA,ÍA,4mo70a9j7p2ersbrieg5aw3dg,2.596500,0.741600,1.066500,1.808100,6,1.004996,1,7,1.793396,0,ka_ia_2026_07_12_ma12.json,2026-09-06T22:48:31Z,4,12,0,1,31,16,7
6fqobo9rfezc6dy1qh3ysi6ms,2026-07-12,14,KA,ÍA,ÍA,KA,9ar4wcltrggiz60w77e3z56m2,2.909600,0.300900,1.820300,2.121200,3,0.300935,1,6,1.167448,2,ka_ia_2026_07_12_ma12.json,2026-09-06T22:48:31Z,6,19,0,1,30,9,8
6g9nxsi83fiowo4dcfn4rqqz8,2026-07-12,14,Fram,Thór,Fram,Thór,ta7x6ep3lniyckj6la77zw,3.424800,0.355400,3.069400,3.424800,5,0.360313,1,9,1.075259,4,fram_thor_2026_07_12_ma12.json,2026-09-06T22:48:31Z,7,3,1,0,24,7,3
6g9nxsi83fiowo4dcfn4rqqz8,2026-07-12,14,Fram,Thór,Thór,Fram,dys496cnlmowm95ehcfgcrvbm,1.520300,0.906400,0.613900,1.520300,3,0.906352,1,4,0.936146,1,fram_thor_2026_07_12_ma12.json,2026-09-06T22:48:31Z,3,13,0,0,16,15,1
6gse9rm705g3mapeypyl0s0lw,2026-07-12,14,KR,ÍBV,KR,ÍBV,629yaod9sjr350jvivp78vwfz,3.559400,0.607000,2.164000,2.771000,5,0.607015,2,10,1.842346,4,kr_ibv_2026_07_12_ma12.json,2026-09-06T22:48:32Z,6,10,3,1,28,4,3
6gse9rm705g3mapeypyl0s0lw,2026-07-12,14,KR,ÍBV,ÍBV,KR,3tlx1zjkgrsdky3abrqe2c9c3,1.699700,0.188500,0.722700,0.911300,3,0.188524,0,5,1.042623,1,kr_ibv_2026_07_12_ma12.json,2026-09-06T22:48:32Z,1,17,0,1,16,11,6
6hw3h5x1v9e7ruwv3td3lx4ic,2026-07-13,14,Breidablik,Keflavík,Breidablik,Keflavík,c6hu27u143y4z4te8b4036bae,0.791000,0.232400,0.558600,0.791000,3,0.232429,0,3,0.232429,0,breidablik_keflavik_2026_07_13_ma12.json,2026-09-06T22:48:32Z,7,11,0,0,20,10,9
6hw3h5x1v9e7ruwv3td3lx4ic,2026-07-13,14,Breidablik,Keflavík,Keflavík,Breidablik,96h322mg5vnaneem9fjzgvioq,0.994600,,0.994600,0.994600,0,0,0,3,0.292268,3,breidablik_keflavik_2026_07_13_ma12.json,2026-09-06T22:48:32Z,4,18,0,0,24,7,4
6ijfmztvizp14h1hxr0k90rv8,2026-07-18,15,Thór,Víkingur R,Thór,Víkingur R,dys496cnlmowm95ehcfgcrvbm,0.879700,0.371800,0.507900,0.879700,3,0.371798,2,4,0.555815,1,thor_vikingur_r_2026_07_18_ma12.json,2026-09-06T22:48:31Z,2,10,0,0,32,11,3
6ijfmztvizp14h1hxr0k90rv8,2026-07-18,15,Thór,Víkingur R,Víkingur R,Thór,7gmdb4hmtrz199zv9r66qy9qp,1.514900,0.574600,0.940300,1.514900,8,0.574553,0,8,0.574553,0,thor_vikingur_r_2026_07_18_ma12.json,2026-09-06T22:48:31Z,10,12,0,0,25,5,6
6j20pj0jj17jfhnurgrpg00es,2026-07-18,15,Valur,Fram,Valur,Fram,khmdmbol7850k3i07yusgpn,1.415900,0.525400,0.890500,1.415900,9,0.525367,0,8,0.506711,0,valur_fram_2026_07_18_ma12.json,2026-09-06T22:48:31Z,7,13,1,0,17,14,6
6j20pj0jj17jfhnurgrpg00es,2026-07-18,15,Valur,Fram,Fram,Valur,ta7x6ep3lniyckj6la77zw,2.724200,0.658800,2.065400,2.724200,4,0.658804,1,7,1.175794,3,valur_fram_2026_07_18_ma12.json,2026-09-06T22:48:31Z,10,8,0,0,17,6,9
6jlfl6fir4sxq6lmrws6ydrf8,2026-07-19,15,ÍBV,KA,ÍBV,KA,3tlx1zjkgrsdky3abrqe2c9c3,2.079700,0.081200,1.210100,1.291300,4,0.081217,0,3,0.843904,0,ibv_ka_2026_07_19_ma12.json,2026-09-06T22:48:32Z,5,12,0,1,29,8,7
6jlfl6fir4sxq6lmrws6ydrf8,2026-07-19,15,ÍBV,KA,KA,ÍBV,4mo70a9j7p2ersbrieg5aw3dg,1.202600,0.341000,0.861600,1.202600,3,0.341011,1,4,0.416659,1,ibv_ka_2026_07_19_ma12.json,2026-09-06T22:48:32Z,1,14,0,0,16,12,4
6kml4na7gmf0yn6ds3bjli784,2026-07-19,15,KR,Stjarnan,KR,Stjarnan,629yaod9sjr350jvivp78vwfz,4.397300,0.573800,3.035100,3.608900,10,0.574197,0,14,1.931971,4,kr_stjarnan_2026_07_19_ma12.json,2026-09-06T22:48:31Z,8,16,2,1,12,9,3
6kml4na7gmf0yn6ds3bjli784,2026-07-19,15,KR,Stjarnan,Stjarnan,KR,23vg6q15dzr375k6757j06wkq,1.127700,0.517000,0.610700,1.127700,4,0.517002,0,5,0.544463,1,kr_stjarnan_2026_07_19_ma12.json,2026-09-06T22:48:31Z,2,16,1,0,6,16,3
6k43cpem74s85me05orasbc44,2026-07-20,15,Keflavík,ÍA,Keflavík,ÍA,96h322mg5vnaneem9fjzgvioq,2.902500,0.867100,1.247100,2.114100,12,0.888186,2,15,1.775101,2,keflavik_ia_2026_07_20_ma12.json,2026-09-06T22:48:32Z,9,12,1,1,22,9,4
6k43cpem74s85me05orasbc44,2026-07-20,15,Keflavík,ÍA,ÍA,Keflavík,9ar4wcltrggiz60w77e3z56m2,2.148300,0.452500,0.907400,1.359900,6,0.452499,1,8,1.644155,1,keflavik_ia_2026_07_20_ma12.json,2026-09-06T22:48:32Z,9,11,1,1,14,6,7
6l5boitcgm6acvwvgmbo59xck,2026-07-20,15,FH,Breidablik,FH,Breidablik,2ci0yr2esa7y4etjvl5vau077,1.767200,0.149500,1.617700,1.767200,3,0.149507,0,6,0.220742,3,fh_breidablik_2026_07_20_ma12.json,2026-09-06T22:48:32Z,4,13,0,0,34,6,1
6l5boitcgm6acvwvgmbo59xck,2026-07-20,15,FH,Breidablik,Breidablik,FH,c6hu27u143y4z4te8b4036bae,0.989600,0.681200,0.308400,0.989600,9,0.681235,0,9,0.681235,0,fh_breidablik_2026_07_20_ma12.json,2026-09-06T22:48:32Z,8,8,1,0,31,10,9
6lnynv06x66g2ia1yh0jnp4ic,2026-07-24,16,Víkingur R,Keflavík,Víkingur R,Keflavík,7gmdb4hmtrz199zv9r66qy9qp,3.225500,0.371700,2.853800,3.225500,6,0.3717,0,7,0.450885,1,vikingur_r_keflavik_2026_07_24_ma12.json,2026-09-06T22:48:31Z,12,11,0,0,12,7,5
6lnynv06x66g2ia1yh0jnp4ic,2026-07-24,16,Víkingur R,Keflavík,Keflavík,Víkingur R,96h322mg5vnaneem9fjzgvioq,0.829800,0.173400,0.656400,0.829800,2,0.173425,0,4,0.393806,2,vikingur_r_keflavik_2026_07_24_ma12.json,2026-09-06T22:48:31Z,1,14,1,0,20,9,5
5nj00vsakxj77urdnu0mn57v8,2026-07-26,16,ÍA,Stjarnan,ÍA,Stjarnan,9ar4wcltrggiz60w77e3z56m2,2.408500,0.063900,2.344700,2.408500,1,0.063894,0,1,0.063894,0,ia_stjarnan_2026_07_26_ma12.json,2026-09-06T22:48:31Z,2,16,0,0,21,8,7
5nj00vsakxj77urdnu0mn57v8,2026-07-26,16,ÍA,Stjarnan,Stjarnan,ÍA,23vg6q15dzr375k6757j06wkq,1.628000,0.332800,0.506800,0.839600,8,0.332755,0,8,1.098194,1,ia_stjarnan_2026_07_26_ma12.json,2026-09-06T22:48:31Z,8,16,2,1,22,12,1
6m8hcarbmhojs7z599l64p2qc,2026-07-26,16,Fram,FH,Fram,FH,ta7x6ep3lniyckj6la77zw,1.194800,0.369200,0.825600,1.194800,4,0.369166,0,5,0.458888,2,fram_fh_2026_07_26_ma12.json,2026-09-06T22:48:31Z,11,5,0,0,30,5,5
6m8hcarbmhojs7z599l64p2qc,2026-07-26,16,Fram,FH,FH,Fram,2ci0yr2esa7y4etjvl5vau077,1.595200,0.455200,1.139900,1.595200,4,0.455235,0,4,0.280617,1,fram_fh_2026_07_26_ma12.json,2026-09-06T22:48:31Z,4,6,0,0,18,12,6
6n9ii6bzwrix2tvuix18mzthw,2026-07-27,16,Breidablik,ÍBV,Breidablik,ÍBV,c6hu27u143y4z4te8b4036bae,0.582000,0.093100,0.489000,0.582000,1,0.093064,0,3,0.181229,2,breidablik_ibv_2026_07_27_ma12.json,2026-09-06T22:48:32Z,6,10,0,0,21,6,6
6n9ii6bzwrix2tvuix18mzthw,2026-07-27,16,Breidablik,ÍBV,ÍBV,Breidablik,3tlx1zjkgrsdky3abrqe2c9c3,0.891900,0.473200,0.418700,0.891900,7,0.473236,0,7,0.473236,0,breidablik_ibv_2026_07_27_ma12.json,2026-09-06T22:48:32Z,5,18,1,0,23,11,7
6ns2mm7uc0gbcezv0wqfc47bo,2026-07-27,16,KA,Thór,KA,Thór,4mo70a9j7p2ersbrieg5aw3dg,0.626800,0.060000,0.566800,0.626800,2,0.060012,0,6,0.416553,4,ka_thor_2026_07_27_ma12.json,2026-09-06T22:48:31Z,4,17,0,0,38,6,10
6ns2mm7uc0gbcezv0wqfc47bo,2026-07-27,16,KA,Thór,Thór,KA,dys496cnlmowm95ehcfgcrvbm,0.465400,0.099700,0.365700,0.465400,1,0.099671,0,3,0.162789,2,ka_thor_2026_07_27_ma12.json,2026-09-06T22:48:31Z,0,17,0,0,35,16,4
6ocgp8yolwea0h8nxo30knw2c,2026-08-01,17,ÍBV,Fram,ÍBV,Fram,3tlx1zjkgrsdky3abrqe2c9c3,1.249000,0.188200,0.272400,0.460600,5,0.188174,0,6,0.976574,0,ibv_fram_2026_08_01_ma12.json,2026-09-06T22:48:32Z,4,25,0,1,18,5,4
6ocgp8yolwea0h8nxo30knw2c,2026-08-01,17,ÍBV,Fram,Fram,ÍBV,ta7x6ep3lniyckj6la77zw,1.302900,0.302100,0.212400,0.514500,5,0.302075,0,7,1.118678,1,ibv_fram_2026_08_01_ma12.json,2026-09-06T22:48:32Z,3,15,0,1,26,9,3
6pf2la0pyqpwd6h95w1v1jz84,2026-08-02,17,ÍA,Víkingur R,ÍA,Víkingur R,9ar4wcltrggiz60w77e3z56m2,1.578200,0.270300,1.307900,1.578200,5,0.270308,0,5,0.270308,0,ia_vikingur_r_2026_08_02_ma12.json,2026-09-06T22:48:31Z,5,10,1,0,24,4,2
6pf2la0pyqpwd6h95w1v1jz84,2026-08-02,17,ÍA,Víkingur R,Víkingur R,ÍA,7gmdb4hmtrz199zv9r66qy9qp,1.859500,0.250300,0.820700,1.071100,4,0.250348,0,5,1.038748,0,ia_vikingur_r_2026_08_02_ma12.json,2026-09-06T22:48:31Z,5,7,2,1,25,10,3
6pxgeoksmg9deotwr0p74ik2c,2026-08-03,17,Valur,Stjarnan,Valur,Stjarnan,khmdmbol7850k3i07yusgpn,1.189900,0.359500,0.830400,1.189900,4,0.359527,0,6,0.431887,2,valur_stjarnan_2026_08_03_ma12.json,2026-09-06T22:48:31Z,3,16,1,0,7,9,9
6pxgeoksmg9deotwr0p74ik2c,2026-08-03,17,Valur,Stjarnan,Stjarnan,Valur,23vg6q15dzr375k6757j06wkq,2.517600,,2.517600,2.517600,0,0,0,4,0.481636,4,valur_stjarnan_2026_08_03_ma12.json,2026-09-06T22:48:31Z,4,11,0,0,15,15,3
6owoqahqoe666hvqas1ge0x78,2026-08-04,17,Thór,Breidablik,Thór,Breidablik,dys496cnlmowm95ehcfgcrvbm,2.426600,1.221300,1.205300,2.426600,6,1.221289,1,7,1.256388,1,thor_breidablik_2026_08_04_ma12.json,2026-09-06T22:48:32Z,5,15,1,0,22,10,3
6owoqahqoe666hvqas1ge0x78,2026-08-04,17,Thór,Breidablik,Breidablik,Thór,c6hu27u143y4z4te8b4036bae,0.853800,0.180200,0.673600,0.853800,4,0.180219,0,4,0.229081,2,thor_breidablik_2026_08_04_ma12.json,2026-09-06T22:48:32Z,9,12,0,0,28,9,4
6qg15to0b2rjab3e1lgrimcd0,2026-08-05,17,Keflavík,KA,Keflavík,KA,96h322mg5vnaneem9fjzgvioq,3.253200,1.096500,2.156700,3.253200,3,1.096536,0,5,1.259586,2,keflavik_ka_2026_08_05_ma12.json,2026-09-06T22:48:32Z,8,14,0,0,21,14,9
6qg15to0b2rjab3e1lgrimcd0,2026-08-05,17,Keflavík,KA,KA,Keflavík,4mo70a9j7p2ersbrieg5aw3dg,1.328600,0.264400,1.064200,1.328600,2,0.26436,0,4,0.292017,2,keflavik_ka_2026_08_05_ma12.json,2026-09-06T22:48:32Z,4,10,0,0,20,11,3
6r2iztqny98q8lc9z9k2422ok,2026-08-05,17,FH,KR,FH,KR,2ci0yr2esa7y4etjvl5vau077,0.878800,0.380400,0.498300,0.878800,5,0.380432,0,8,0.735928,3,fh_kr_2026_08_05_ma12.json,2026-09-06T22:48:31Z,3,11,0,0,24,15,9
6r2iztqny98q8lc9z9k2422ok,2026-08-05,17,FH,KR,KR,FH,629yaod9sjr350jvivp78vwfz,4.785000,0.674600,4.110300,4.785000,9,0.675491,0,10,1.146557,5,fh_kr_2026_08_05_ma12.json,2026-09-06T22:48:31Z,9,9,0,0,28,5,4
6rkztq8kdlpsnthcqgnexvris,2026-08-09,18,ÍA,Thór,ÍA,Thór,9ar4wcltrggiz60w77e3z56m2,3.843600,1.351300,1.703900,3.055200,13,1.36756,1,14,2.571337,2,ia_thor_2026_08_09_ma12.json,2026-09-06T22:48:31Z,6,15,1,1,22,12,3
6rkztq8kdlpsnthcqgnexvris,2026-08-09,18,ÍA,Thór,Thór,ÍA,dys496cnlmowm95ehcfgcrvbm,1.478300,0.859200,0.619000,1.478300,9,0.887823,0,9,1.055799,1,ia_thor_2026_08_09_ma12.json,2026-09-06T22:48:31Z,10,20,0,0,24,13,7
6s3ij28l2gs2ge13k1ldahous,2026-08-09,18,Víkingur R,ÍBV,Víkingur R,ÍBV,7gmdb4hmtrz199zv9r66qy9qp,2.516800,0.806100,1.710700,2.516800,8,0.806126,0,7,0.779227,0,vikingur_r_ibv_2026_08_09_ma12.json,2026-09-06T22:48:32Z,9,13,0,0,23,7,2
6s3ij28l2gs2ge13k1ldahous,2026-08-09,18,Víkingur R,ÍBV,ÍBV,Víkingur R,3tlx1zjkgrsdky3abrqe2c9c3,3.051700,,2.263300,2.263300,0,0,0,1,0.7884,0,vikingur_r_ibv_2026_08_09_ma12.json,2026-09-06T22:48:32Z,0,13,0,1,20,7,8
6slosuahlke6xjbyujytmsrv8,2026-08-09,18,KA,FH,KA,FH,4mo70a9j7p2ersbrieg5aw3dg,1.343100,0.216800,1.126400,1.343100,5,0.216782,0,10,0.546722,5,ka_fh_2026_08_09_ma12.json,2026-09-06T22:48:31Z,7,20,0,0,30,7,5
6slosuahlke6xjbyujytmsrv8,2026-08-09,18,KA,FH,FH,KA,2ci0yr2esa7y4etjvl5vau077,1.365800,0.730400,0.635400,1.365800,10,0.730412,1,11,0.715211,2,ka_fh_2026_08_09_ma12.json,2026-09-06T22:48:31Z,8,11,3,0,22,6,8
6t5appp7jrj2ahujvic3oerdg,2026-08-09,18,Stjarnan,Keflavík,Stjarnan,Keflavík,23vg6q15dzr375k6757j06wkq,2.905200,0.962900,1.942200,2.905200,13,0.962943,0,14,1.104326,1,stjarnan_keflavik_2026_08_09_ma12.json,2026-09-06T22:48:31Z,12,10,1,0,20,5,6
6t5appp7jrj2ahujvic3oerdg,2026-08-09,18,Stjarnan,Keflavík,Keflavík,Stjarnan,96h322mg5vnaneem9fjzgvioq,0.646700,0.121200,0.525500,0.646700,3,0.121216,0,5,0.50218,2,stjarnan_keflavik_2026_08_09_ma12.json,2026-09-06T22:48:31Z,3,14,0,0,11,18,3
6tvh4l4z7vq7wuo2difle5q8k,2026-08-09,18,Breidablik,Valur,Breidablik,Valur,c6hu27u143y4z4te8b4036bae,1.176000,0.234100,0.941900,1.176000,6,0.234082,0,10,0.694711,4,breidablik_valur_2026_08_09_ma12.json,2026-09-06T22:48:32Z,7,8,0,0,14,9,1
6tvh4l4z7vq7wuo2difle5q8k,2026-08-09,18,Breidablik,Valur,Valur,Breidablik,khmdmbol7850k3i07yusgpn,1.914100,0.152100,1.762000,1.914100,4,0.152083,0,6,0.369981,2,breidablik_valur_2026_08_09_ma12.json,2026-09-06T22:48:32Z,9,12,0,0,19,11,8
6ue3r1od5rd4bx2onlta00ff8,2026-08-10,18,Fram,KR,Fram,KR,ta7x6ep3lniyckj6la77zw,2.540300,0.984400,1.555900,2.540300,13,0.984419,2,15,1.054083,2,fram_kr_2026_08_10_ma12.json,2026-09-06T22:48:31Z,12,16,0,0,27,8,4
6ue3r1od5rd4bx2onlta00ff8,2026-08-10,18,Fram,KR,KR,Fram,629yaod9sjr350jvivp78vwfz,5.443500,0.452400,4.991100,5.443500,4,0.452437,1,6,0.68441,2,fram_kr_2026_08_10_ma12.json,2026-09-06T22:48:31Z,5,8,0,0,18,11,4
6wi5wxrwda5p9lb7u9u939tsk,2026-08-15,19,Thór,Keflavík,Thór,Keflavík,dys496cnlmowm95ehcfgcrvbm,0.307400,,0.307400,0.307400,0,0,0,1,0.034128,1,thor_keflavik_2026_08_15_ma12.json,2026-09-06T22:48:31Z,4,10,0,0,23,9,6
6wi5wxrwda5p9lb7u9u939tsk,2026-08-15,19,Thór,Keflavík,Keflavík,Thór,96h322mg5vnaneem9fjzgvioq,2.058600,0.510600,1.548000,2.058600,4,0.510551,0,3,0.289129,0,thor_keflavik_2026_08_15_ma12.json,2026-09-06T22:48:31Z,7,13,0,0,26,12,5
6uwp0tt9bcdieof3pp3krq1p0,2026-08-16,19,KR,Breidablik,KR,Breidablik,629yaod9sjr350jvivp78vwfz,2.624400,0.759300,1.865100,2.624400,9,0.759289,2,9,0.759289,0,kr_breidablik_2026_08_16_ma12.json,2026-09-06T22:48:32Z,14,13,0,0,19,9,7
6uwp0tt9bcdieof3pp3krq1p0,2026-08-16,19,KR,Breidablik,Breidablik,KR,c6hu27u143y4z4te8b4036bae,3.577200,0.435700,2.353100,2.788800,7,0.617585,1,7,1.366452,0,kr_breidablik_2026_08_16_ma12.json,2026-09-06T22:48:32Z,7,10,1,1,16,16,6
6vfgmnz3tshqp7g3kame6zc44,2026-08-16,19,FH,Víkingur R,FH,Víkingur R,2ci0yr2esa7y4etjvl5vau077,1.241300,1.060200,0.181100,1.241300,6,1.060169,2,6,1.060169,0,fh_vikingur_r_2026_08_16_ma12.json,2026-09-06T22:48:31Z,6,9,1,0,16,11,5
6vfgmnz3tshqp7g3kame6zc44,2026-08-16,19,FH,Víkingur R,Víkingur R,FH,7gmdb4hmtrz199zv9r66qy9qp,2.536400,0.654200,1.882200,2.536400,4,0.654174,1,7,0.75039,3,fh_vikingur_r_2026_08_16_ma12.json,2026-09-06T22:48:31Z,9,14,0,0,20,4,4
6vzuyvix8yx5h2qeen26rpdzo,2026-08-16,19,ÍBV,ÍA,ÍBV,ÍA,3tlx1zjkgrsdky3abrqe2c9c3,2.379800,0.668500,1.711300,2.379800,11,0.668493,0,9,0.521888,0,ibv_ia_2026_08_16_ma12.json,2026-09-06T22:48:32Z,10,17,0,0,20,6,7
6vzuyvix8yx5h2qeen26rpdzo,2026-08-16,19,ÍBV,ÍA,ÍA,ÍBV,9ar4wcltrggiz60w77e3z56m2,1.981600,0.087300,1.894200,1.981600,1,0.087346,0,4,0.244543,3,ibv_ia_2026_08_16_ma12.json,2026-09-06T22:48:32Z,2,12,0,0,26,10,4
6x0t70dkok8iz42fvkaueifpw,2026-08-17,19,Valur,KA,Valur,KA,khmdmbol7850k3i07yusgpn,4.401500,2.697500,1.704100,4.401500,14,2.697461,3,19,3.279426,5,valur_ka_2026_08_17_ma12.json,2026-09-06T22:48:31Z,9,14,4,0,20,13,8
6x0t70dkok8iz42fvkaueifpw,2026-08-17,19,Valur,KA,KA,Valur,4mo70a9j7p2ersbrieg5aw3dg,1.423400,0.262700,1.160700,1.423400,4,0.262702,0,6,0.391469,2,valur_ka_2026_08_17_ma12.json,2026-09-06T22:48:31Z,5,13,2,0,7,13,3
6xjl7mw9b6w95t0k4u2onwqok,2026-08-17,19,Fram,Stjarnan,Fram,Stjarnan,ta7x6ep3lniyckj6la77zw,2.079000,0.073100,2.005900,2.079000,2,0.073107,0,4,0.657768,2,fram_stjarnan_2026_08_17_ma12.json,2026-09-06T22:48:31Z,4,12,0,0,19,9,4
6xjl7mw9b6w95t0k4u2onwqok,2026-08-17,19,Fram,Stjarnan,Stjarnan,Fram,23vg6q15dzr375k6757j06wkq,1.492700,0.189800,1.302900,1.492700,5,0.189813,0,6,0.207188,1,fram_stjarnan_2026_08_17_ma12.json,2026-09-06T22:48:31Z,8,10,0,0,23,14,5
6y24v1zf1vxxh6j74b098bk0k,2026-08-23,20,Keflavík,ÍBV,Keflavík,ÍBV,96h322mg5vnaneem9fjzgvioq,1.420000,0.322300,1.097600,1.420000,5,0.322325,0,6,0.456455,1,keflavik_ibv_2026_08_23_ma12.json,2026-09-06T22:48:32Z,9,9,0,0,22,13,4
6y24v1zf1vxxh6j74b098bk0k,2026-08-23,20,Keflavík,ÍBV,ÍBV,Keflavík,3tlx1zjkgrsdky3abrqe2c9c3,2.589800,0.923700,1.666000,2.589800,8,0.923724,0,8,0.923724,0,keflavik_ibv_2026_08_23_ma12.json,2026-09-06T22:48:32Z,6,14,0,0,24,6,6
6ykkhi21pr1ydpklg9aqa2qs4,2026-08-23,20,ÍA,FH,ÍA,FH,9ar4wcltrggiz60w77e3z56m2,1.758600,0.554900,1.203700,1.758600,11,0.554851,1,16,1.174829,5,ia_fh_2026_08_23_ma12.json,2026-09-06T22:48:31Z,10,11,1,0,31,6,3
6ykkhi21pr1ydpklg9aqa2qs4,2026-08-23,20,ÍA,FH,FH,ÍA,2ci0yr2esa7y4etjvl5vau077,1.486600,0.458000,1.028600,1.486600,5,0.458015,0,9,0.878811,5,ia_fh_2026_08_23_ma12.json,2026-09-06T22:48:31Z,2,10,2,0,19,16,1
6z2yj8m0wwg0vjigxldn1r6dw,2026-08-23,20,KA,KR,KA,KR,4mo70a9j7p2ersbrieg5aw3dg,1.408200,0.090600,1.317600,1.408200,1,0.090602,1,7,1.041971,6,ka_kr_2026_08_23_ma12.json,2026-09-06T22:48:32Z,3,9,0,0,17,14,8
6z2yj8m0wwg0vjigxldn1r6dw,2026-08-23,20,KA,KR,KR,KA,629yaod9sjr350jvivp78vwfz,3.626300,0.220600,3.405600,3.626300,6,0.22062,2,9,0.727727,3,ka_kr_2026_08_23_ma12.json,2026-09-06T22:48:32Z,10,15,1,0,14,7,9
6zldk8i1g77uc5e4o6bpc1fro,2026-08-23,20,Stjarnan,Thór,Stjarnan,Thór,23vg6q15dzr375k6757j06wkq,3.823100,1.425700,2.397400,3.823100,6,1.425667,1,8,1.648151,2,stjarnan_thor_2026_08_23_ma12.json,2026-09-06T22:48:32Z,7,15,0,0,20,8,3
6zldk8i1g77uc5e4o6bpc1fro,2026-08-23,20,Stjarnan,Thór,Thór,Stjarnan,dys496cnlmowm95ehcfgcrvbm,1.851600,0.917300,0.934300,1.851600,7,0.91733,1,10,1.052174,3,stjarnan_thor_2026_08_23_ma12.json,2026-09-06T22:48:32Z,4,17,0,0,15,7,5
703wzyf70axrk74l3ss73kkyc,2026-08-23,20,Víkingur R,Valur,Víkingur R,Valur,7gmdb4hmtrz199zv9r66qy9qp,2.702800,0.682200,2.020600,2.702800,8,0.68217,0,12,1.58312,4,vikingur_r_valur_2026_08_23_ma12.json,2026-09-06T22:48:32Z,8,11,0,0,15,4,4
703wzyf70axrk74l3ss73kkyc,2026-08-23,20,Víkingur R,Valur,Valur,Víkingur R,khmdmbol7850k3i07yusgpn,0.363000,0.093900,0.269000,0.363000,4,0.093911,0,8,0.303068,4,vikingur_r_valur_2026_08_23_ma12.json,2026-09-06T22:48:32Z,3,10,0,0,26,8,6
70od2xzb8gkyjwq4ry0ty8v84,2026-08-24,20,Breidablik,Fram,Breidablik,Fram,c6hu27u143y4z4te8b4036bae,1.376300,0.346700,1.029700,1.376300,6,0.34666,1,8,0.69046,2,breidablik_fram_2026_08_24_ma12.json,2026-09-06T22:48:32Z,8,13,0,0,27,3,6
70od2xzb8gkyjwq4ry0ty8v84,2026-08-24,20,Breidablik,Fram,Fram,Breidablik,ta7x6ep3lniyckj6la77zw,2.690500,0.062400,2.628100,2.690500,2,0.062362,0,3,0.379797,1,breidablik_fram_2026_08_24_ma12.json,2026-09-06T22:48:32Z,6,7,0,0,17,7,1
72zw3jynj88h1b4hoh2xicjys,2026-08-29,21,ÍBV,Thór,ÍBV,Thór,3tlx1zjkgrsdky3abrqe2c9c3,1.973600,0.479900,0.705300,1.185200,7,0.479861,0,11,1.668244,3,ibv_thor_2026_08_29_ma12.json,2026-09-06T22:48:32Z,7,19,1,1,28,6,1
72zw3jynj88h1b4hoh2xicjys,2026-08-29,21,ÍBV,Thór,Thór,ÍBV,dys496cnlmowm95ehcfgcrvbm,0.678200,0.564900,0.113300,0.678200,3,0.564865,1,3,0.564865,0,ibv_thor_2026_08_29_ma12.json,2026-09-06T22:48:32Z,2,13,0,0,25,13,4
71auog2zlabpkc98a0v01fqqc,2026-08-30,21,Fram,KA,Fram,KA,ta7x6ep3lniyckj6la77zw,1.311700,0.693100,0.618600,1.311700,11,0.69306,1,11,0.69306,0,fram_ka_2026_08_30_ma12.json,2026-09-06T22:48:32Z,12,6,2,0,36,8,2
71auog2zlabpkc98a0v01fqqc,2026-08-30,21,Fram,KA,KA,Fram,4mo70a9j7p2ersbrieg5aw3dg,0.783600,,0.783600,0.783600,0,0,0,1,0.033742,1,fram_ka_2026_08_30_ma12.json,2026-09-06T22:48:32Z,1,10,0,0,13,8,6
72hktmc1fn55woffl21nrhjx0,2026-08-30,21,FH,Keflavík,FH,Keflavík,2ci0yr2esa7y4etjvl5vau077,1.986000,0.288600,1.697400,1.986000,5,0.288559,0,7,0.705606,2,fh_keflavik_2026_08_30_ma12.json,2026-09-06T22:48:32Z,5,9,1,0,22,8,8
72hktmc1fn55woffl21nrhjx0,2026-08-30,21,FH,Keflavík,Keflavík,FH,96h322mg5vnaneem9fjzgvioq,0.364400,0.207300,0.157100,0.364400,5,0.207292,0,6,0.22965,1,fh_keflavik_2026_08_30_ma12.json,2026-09-06T22:48:32Z,5,15,0,0,21,10,6
73ig7uq5beouvv9qaf7xi5slw,2026-08-30,21,Valur,ÍA,Valur,ÍA,khmdmbol7850k3i07yusgpn,2.228700,0.647300,1.581400,2.228700,8,0.647336,0,10,0.896566,2,valur_ia_2026_08_30_ma12.json,2026-09-06T22:48:32Z,14,14,0,0,19,7,6
73ig7uq5beouvv9qaf7xi5slw,2026-08-30,21,Valur,ÍA,ÍA,Valur,9ar4wcltrggiz60w77e3z56m2,1.831100,0.792600,1.038500,1.831100,8,0.792565,1,7,0.773035,0,valur_ia_2026_08_30_ma12.json,2026-09-06T22:48:32Z,10,13,0,0,22,15,1
740qs36nn92qlng5koa88ffv8,2026-08-31,21,Breidablik,Stjarnan,Breidablik,Stjarnan,c6hu27u143y4z4te8b4036bae,2.154500,0.209300,1.945200,2.154500,4,0.209277,0,7,0.392492,3,breidablik_stjarnan_2026_08_31_ma12.json,2026-09-06T22:48:32Z,6,14,0,0,22,9,6
740qs36nn92qlng5koa88ffv8,2026-08-31,21,Breidablik,Stjarnan,Stjarnan,Breidablik,23vg6q15dzr375k6757j06wkq,1.924400,0.548100,1.376300,1.924400,7,0.548124,1,10,0.748533,3,breidablik_stjarnan_2026_08_31_ma12.json,2026-09-06T22:48:32Z,5,6,1,0,14,7,4
71ys8ot8byj14wl80lh8n5fro,2026-09-01,21,KR,Víkingur R,KR,Víkingur R,629yaod9sjr350jvivp78vwfz,1.417100,0.815100,0.602000,1.417100,13,0.815143,1,14,0.89398,2,kr_vikingur_r_2026_09_01_ma12.json,2026-09-06T22:48:32Z,13,16,0,0,18,8,5
71ys8ot8byj14wl80lh8n5fro,2026-09-01,21,KR,Víkingur R,Víkingur R,KR,7gmdb4hmtrz199zv9r66qy9qp,1.731900,0.540600,1.191300,1.731900,3,0.540628,0,4,0.610403,1,kr_vikingur_r_2026_09_01_ma12.json,2026-09-06T22:48:32Z,5,17,0,0,24,10,2
751n2ejmjys980nlnngtsgmj8,2026-09-05,22,Keflavík,Valur,Keflavík,Valur,96h322mg5vnaneem9fjzgvioq,2.268800,0.812500,1.456300,2.268800,5,0.86705,1,9,1.087027,4,keflavik_valur_2026_09_05_ma12.json,2026-09-06T22:48:32Z,3,15,0,0,21,8,9
751n2ejmjys980nlnngtsgmj8,2026-09-05,22,Keflavík,Valur,Valur,Keflavík,khmdmbol7850k3i07yusgpn,1.784300,0.142900,1.641400,1.784300,2,0.142859,0,4,0.383342,2,keflavik_valur_2026_09_05_ma12.json,2026-09-06T22:48:32Z,2,6,1,0,13,15,7
74j5w73cp6fooyyiepdd5cz6c,2026-09-06,22,Thór,FH,Thór,FH,dys496cnlmowm95ehcfgcrvbm,1.031000,0.452900,0.578200,1.031000,7,0.452876,0,9,0.523373,2,thor_fh_2026_09_06_ma12.json,2026-09-06T22:48:32Z,5,19,1,0,25,8,4
74j5w73cp6fooyyiepdd5cz6c,2026-09-06,22,Thór,FH,FH,Thór,2ci0yr2esa7y4etjvl5vau077,0.967500,0.582600,0.384800,0.967500,7,0.582618,0,9,0.776727,2,thor_fh_2026_09_06_ma12.json,2026-09-06T22:48:32Z,7,11,1,0,18,18,11
75m0k3o4iwuogmqq2p4okaa6s,2026-09-06,22,ÍA,KR,ÍA,KR,9ar4wcltrggiz60w77e3z56m2,3.846800,0.861200,2.985600,3.846800,6,0.861185,0,9,1.334591,3,ia_kr_2026_09_06_ma12.json,2026-09-06T22:48:32Z,8,12,0,0,27,8,3
75m0k3o4iwuogmqq2p4okaa6s,2026-09-06,22,ÍA,KR,KR,ÍA,629yaod9sjr350jvivp78vwfz,1.058800,0.300900,0.757900,1.058800,6,0.30089,1,6,0.30089,0,ia_kr_2026_09_06_ma12.json,2026-09-06T22:48:32Z,6,10,3,0,41,12,7
764gnle5z699dvjakig4uywb8,2026-09-06,22,Víkingur R,Fram,Víkingur R,Fram,7gmdb4hmtrz199zv9r66qy9qp,1.228800,0.123300,1.105500,1.228800,3,0.123349,1,6,0.557328,3,vikingur_r_fram_2026_09_06_ma12.json,2026-09-06T22:48:32Z,3,12,0,0,24,8,1
764gnle5z699dvjakig4uywb8,2026-09-06,22,Víkingur R,Fram,Fram,Víkingur R,ta7x6ep3lniyckj6la77zw,1.365400,1.020500,0.344900,1.365400,10,1.020466,2,9,0.982138,0,vikingur_r_fram_2026_09_06_ma12.json,2026-09-06T22:48:32Z,8,12,0,0,32,13,2
76n21gyu2xyfza6xmoo4mdvdg,2026-09-06,22,KA,Breidablik,KA,Breidablik,4mo70a9j7p2ersbrieg5aw3dg,1.601500,0.790100,0.811400,1.601500,7,0.791801,1,8,0.92585,1,ka_breidablik_2026_09_06_ma12.json,2026-09-06T22:48:32Z,9,17,0,0,16,9,7
76n21gyu2xyfza6xmoo4mdvdg,2026-09-06,22,KA,Breidablik,Breidablik,KA,c6hu27u143y4z4te8b4036bae,1.335200,0.633400,0.701800,1.335200,9,0.633442,1,11,0.912985,4,ka_breidablik_2026_09_06_ma12.json,2026-09-06T22:48:32Z,9,15,1,0,33,7,5
775ld4xzdl7jb2eb72nbcles4,2026-09-06,22,Stjarnan,ÍBV,Stjarnan,ÍBV,23vg6q15dzr375k6757j06wkq,2.705000,0.676500,2.028600,2.705000,7,0.676456,0,8,1.069765,1,stjarnan_ibv_2026_09_06_ma12.json,2026-09-06T22:48:32Z,6,13,1,0,13,13,2
775ld4xzdl7jb2eb72nbcles4,2026-09-06,22,Stjarnan,ÍBV,ÍBV,Stjarnan,3tlx1zjkgrsdky3abrqe2c9c3,2.680600,0.425700,2.254900,2.680600,4,0.425715,0,6,0.56472,2,stjarnan_ibv_2026_09_06_ma12.json,2026-09-06T22:48:32Z,0,13,1,0,16,10,3
